,0
00,0.0005589724642208458
000,0.0007225714960769267
01,0.0
02,0.0
03,0.0
04,0.00016308320730334684
05,0.0
06,0.0
10,0.00012142411549772744
100,0.0
11,0.0
12,9.495094277702968e-05
120,9.498910675381263e-05
13,0.0
15,0.0
17,0.0
18,0.0004779476650395649
19,0.0010209022908722345
19covid,0.0
20,0.0003327944001586251
200,0.0
2000,0.0
2005,0.0
2006,0.0
2015,0.0
2019,0.0
2020,0.000299125252586639
2021,0.0
2022,0.0
21,0.0
23,0.0001430848570089077
250,0.0
26,0.00014451851273706608
30,0.0010057164919560632
31,0.0
35,0.0
365,0.0
37,0.0002850667233204517
3rd,0.0
40,0.0
400,0.0
47,0.0
50,0.0
500,0.0
55,0.0
60,0.0002573473088542467
600,0.00016035960595131468
65,0.0
70,0.00023206900260645743
75,0.0
7710,0.0
80,0.0
90,0.0001320927761490374
abilities,0.0007290586711900897
able,0.0006758613990679884
aboriginal,0.0
aboriginals,0.0001527596203035305
abreast,0.0
abstract,0.0
academic,0.0
accelerate,0.0
accept,0.0
acceptance,0.0
accepted,0.0
access,0.0005242709127991928
accessibility,0.0
accessible,0.0004196105462598081
accessing,0.000529698379888843
accommodate,0.00028075334600026226
accommodating,0.0
accommodation,0.0002222639523682212
accommodations,0.00021744293848172743
accordance,5.3765713963583056e-05
according,0.0002602181663453922
accordingly,0.0
account,0.00021488653290107775
accountabilities,0.0002302257367002563
accountability,0.00011059253246753248
accountable,0.0
accounting,0.0003376509345827216
accounts,0.0
accredited,0.0
accuracy,0.00014545836546319438
accurate,0.0
accurately,0.0
achieve,0.00041187857108484355
achieved,0.0
achievement,0.0
achieving,0.00038397958243748177
acknowledges,0.0
acquire,0.0
acquired,0.0
acquisition,0.0019344762726022121
acquisitions,0.0
acquérir,0.0
act,8.83134560539279e-05
acting,0.0
action,0.0007660226532605471
actionable,0.0
actions,0.00013435679067682656
active,0.0
actively,0.00039157897291067304
activities,0.0009295669232343261
activity,0.0
acts,0.0
acumen,0.00034305857174330405
ad,0.0007534002678969974
adapt,0.0
adaptable,0.0
adaptation,0.0
add,0.00024984409058624905
added,0.0002421420478453555
addition,0.000286578831099379
additional,0.0014908202894713754
additionally,0.0
address,0.0
addressed,0.0
addresses,0.00012350108582758943
adept,0.0
adequacy,0.0
adequate,0.0
adhere,0.0
adherence,0.0005394610099906941
adhering,0.0
adhoc,0.00010685292405722507
adjustments,0.0
administer,0.0
administers,0.0
administration,0.0007537186192441213
administrative,0.0001431197478991596
admired,0.0
adobe,0.001241231141423516
adoption,0.0003023902546432828
adresse,0.0
ads,0.00012962403806399134
advance,0.00013817671763540257
advanced,0.01042346687395533
advancement,0.00019844641339968443
advantage,0.00015121786035606066
advertisers,0.0
advertising,0.0013039090729253505
advice,0.0003928782576475742
advise,0.00029035932616824217
advised,0.0
advising,0.0
advisor,0.0003530226741797445
advisors,0.0
advisory,0.0
advocate,0.0
affaires,0.0002812821544575483
affect,0.0004321771259403055
affiliates,0.0
affirmative,0.0
age,0.0015218608121618836
agencies,0.00030744998299266096
agency,0.000346289401836684
agendas,0.0
agent,0.0
agents,0.0
aggregation,0.0
agile,0.0
ago,0.017112498780783098
agreed,0.0
agreement,0.0
agreements,0.0
ahead,0.0
aid,0.0
aider,0.00013969583048530418
aiderons,0.0
aidez,0.0
aim,0.0001524142277180948
aimed,0.0
ainsi,0.0
algorithm,0.0
algorithmic,0.0
algorithms,0.015565002358990672
align,0.0006669432305919458
aligned,0.0001043327082356618
alignment,0.0
allocation,0.0
allow,0.0
allowing,0.00026497162615760983
allows,0.0
alongside,0.0
alternate,0.001850275108541195
alternative,0.00013080781923352323
alteryx,0.0
amazing,0.0
amazon,0.0
ambiguity,0.0
ambiguous,0.000131072631072631
ambition,0.0
ambitions,0.0
ambitious,0.0
america,7.162884430035924e-05
american,0.0
aml,0.0
amounts,0.0016021057749068058
analyse,0.0
analyses,0.00036020629138955096
analysing,0.0
analysis,0.0008338994601376359
analyst,0.02606745545618965
analysts,0.0010203572989289295
analytic,0.0001505354057214667
analytical,0.0020145697203012842
analytics,0.002940074442473277
analyze,0.0006517608590006886
analyzed,0.0
analyzes,0.0
analyzing,0.0002483481430849853
ancestry,0.0010046756534402724
animés,7.174675747724734e-05
annual,0.0
anomalies,0.0
answer,0.0
answers,0.00013479694396323705
anticipate,0.0
anticipates,0.0
aoda,0.0
apache,0.0
apart,0.00010803964757709254
api,0.0
apis,0.00013324640397701807
app,0.0
appetite,0.0
applicability,0.0
applicable,0.0
applicant,0.0006564728737738808
applicants,0.0001575747973181088
application,9.771402958314657e-05
applications,0.0001783409536404589
applied,0.005261867336078937
applies,0.0006078754603610717
apply,0.00034981565714573053
applying,0.0013803523209463793
appreciate,0.0
appreciation,0.0
apprenons,0.0
approach,0.000290112976298628
approachable,0.0
approaches,0.00504017327473133
approfondis,0.0
appropriate,0.0007787524137680353
appropriately,0.0
approval,0.0
approvals,0.0
approved,0.0
apps,0.0
aptitude,0.0
architect,0.0
architects,0.0002987802092375162
architecture,0.0
architectures,0.0
area,0.00013356615507153138
areas,0.0
arise,0.0
arrangements,0.0
art,0.00031115520372047346
articulate,0.00026814642739300275
artifacts,0.0
artificial,0.009725317911610062
asap,0.0
asia,0.0
ask,0.0004438482944295888
asking,0.0
asl,0.00014298832480650651
aspect,0.0
aspects,0.00024960852604715626
assess,0.0
assessing,0.0011415035519228094
assessment,0.0
assessments,0.0
asset,0.00047178171755427164
assets,0.00011592825676526119
assigned,0.00014691748710736068
assignment,0.0
assignments,0.0
assist,0.0007799901509307949
assistance,0.0
assisting,0.00014466203096213058
assistive,0.0001361352724442984
assists,0.0
associated,0.00014358058661670853
associates,0.0
association,0.0
assortment,0.0
assumptions,0.0
assurance,0.0
atf,0.0
attend,0.00014745830516114494
attending,0.00015984126604098848
attention,0.0005946436798050078
attitude,0.0
attract,0.0
attracting,0.0
attributes,0.0
attrition,0.00039740581696012003
audience,0.00020029491833030858
audiences,0.0
audit,0.0004973811958669229
auditing,0.0
audits,0.0
authentic,0.0
authenticity,0.0
auto,0.0
automate,0.0003651041766556665
automated,0.0
automating,0.0
automation,0.0003965028630565744
automotive,9.191658164260911e-05
autonomously,0.0
autonomy,0.0
availability,0.0
available,0.0005550480912960043
ave,0.0
aviva,0.0
avoir,0.0
award,0.0
awards,0.0
awareness,0.0
awesome,0.0
aws,0.0006636997077332826
azure,0.0001392783083618097
azureml,0.0014478147793806095
ba,0.0
bachelors,6.279838426724479e-05
backed,0.0001485091058650934
background,0.0
backgrounds,0.002181715355308739
backup,0.0
balance,0.0
balancing,0.0
bank,0.0005610699468766247
banking,0.00046261399057951556
banks,0.0
banner,0.0002441401151559899
barrier,0.0
barriers,0.0
base,0.0003606286186931347
based,0.000615671120224445
basel,0.0
basic,0.0
basis,0.0002748044181642033
bau,0.0
bayesian,0.0
beautiful,0.0
begin,0.0
beginning,0.0
behalf,6.898889461979445e-05
behavior,0.0001466575394202624
behaviors,0.000507172590797869
behaviour,0.0
behavioural,0.0
belief,0.0
beliefs,0.0
believe,0.0006944802662909342
believes,0.0
bell,0.00013847549909255902
belong,0.0
belonging,0.0
benchmarking,0.0
beneficial,0.0
benefit,0.0
benefits,0.0
besoin,0.0
besoins,0.0
best,0.0005012686254186563
better,0.0007543914816552129
bi,0.0003530160085838449
bias,0.0
big,0.004840254539934973
biggest,0.00015390387332984287
bigquery,0.0014772188110780064
bilingual,0.00012014991181657848
bilingualism,0.0001544008568750833
billion,0.0
billions,0.0
biology,0.0006297480891093967
bloor,0.0
blue,0.0
bmo,0.0
board,0.00037317511781530754
bold,0.0
boldly,0.0
bond,0.0
bonds,0.00010017461630364854
bonus,0.0
bonuses,0.00014978590884856514
books,0.0
boundaries,0.0
box,0.0
boxes,6.952906649229128e-05
brand,0.0
brands,0.0
breadth,0.0
breaking,0.00014235185285955276
breaks,0.0
briefing,0.0
brighter,0.0
brightest,0.0
bring,0.0008664259052326675
bringing,0.000493682226262264
brings,0.00014271531754481834
broad,0.0002633135955082688
broaden,0.0
broader,0.0
broker,0.0
bs,0.0
bsc,0.0
budget,0.0
budgeting,0.0
build,0.000655345965959083
builders,0.0
building,0.0055462133249417536
builds,0.0
built,0.0004130946485536337
bureaucracy,0.0
business,0.0026902947296667547
businesses,0.00015189319275120015
buy,0.0003193676829860858
ca,7.290666935806582e-05
calculations,0.0
calls,0.0
campaign,0.00020938720624959984
campaigns,0.0
canadian,0.0004764203417067527
canadians,0.0
candidate,0.0
candidates,0.0006270331571951583
candidats,0.0
capabilities,0.0
capability,9.321975916803503e-05
capable,0.0
capacity,0.0
capital,0.0
capture,0.0
captured,0.0
capturing,0.0
car,0.0
card,0.0
cards,0.0
care,0.0003089943550748767
caredisability,0.0
career,0.00040866591898520863
careers,0.00021167723846295269
careextended,0.0
carelife,0.0
cares,0.0
careschedule,0.0
carework,8.077737447065945e-05
caring,0.0
carrieres,7.706309590074153e-05
carrying,0.0
carve,0.0
case,0.0
cases,0.00014157349983069746
cash,0.0
casual,0.00014418088161196672
categories,0.0
category,0.0
cause,0.0
causes,0.0
celebrate,0.00018297558971529584
center,0.0
centers,0.0
central,0.0005695746297189254
centre,0.0003416832830976118
centric,0.00022144597045866806
certain,0.0
certificate,0.000311956141085418
certification,0.00041461166235711366
certifications,0.0
certified,0.00013352994555353905
cette,0.0
cfa,0.0
chain,0.0
challenge,0.00028428489777080306
challenged,0.0002162626750210537
challenges,0.000558901672690186
challenging,0.00010607061763398484
champion,0.0
champions,0.0
chance,0.0
change,0.0002701121614032445
changed,0.0
changements,0.0
changes,0.00022539288668320924
changing,0.0
channel,0.0
channels,0.0
characteristic,0.0
characteristics,0.00018126546576909775
charts,0.0
check,0.0
checks,0.0
chief,0.0
choice,0.0
choose,0.0
churn,0.0
ci,0.0
cibc,0.0
circumstances,0.0
citi,0.0
cities,0.0003338097182523479
citigroup,0.0
citizenship,0.0
city,0.0
claims,0.0007743602968953279
class,0.00011690261690261691
classification,0.00014041783419975975
clean,0.0
cleaning,0.0
cleanse,0.00028930175581870157
cleansing,0.0
clear,0.0
clearly,0.0
click,9.631450420924112e-05
client,0.0005206475867673248
clients,0.0008974259356821558
clinical,0.0
close,0.0
closely,0.001345736572000348
closing,0.0
cloud,0.0017681321613244195
cluster,0.0
clustering,0.0006257756557463932
coach,0.0
coaching,0.0
code,0.0003722398371707397
codes,0.0
coding,0.0
coe,0.0
coffee,0.0001415977227112149
cognos,0.0
collaborate,0.0
collaborates,0.0
collaborating,0.0008586152698038193
collaboration,0.0
collaborative,0.00028995453832055126
collaboratively,0.0
colleagues,9.479359925788494e-05
collect,0.0
collecting,0.0
collection,0.0
collective,0.0
collectively,0.0
collectivités,0.0
collects,0.0
college,0.00039040597484131425
collegial,0.0
color,0.00036115356581637706
colour,9.771402958314657e-05
com,0.0006017979693372558
combination,0.00035850843145828496
combine,0.0
combined,0.0
combining,3.792685904160146e-05
come,0.0005520893044972618
comes,0.0
comfort,0.0
comfortable,0.0
coming,0.0
comme,0.0001294114474829012
commensurate,0.0
commerce,0.0010294189728176104
commercial,3.868732601697239e-05
commissions,0.0
commitment,0.0004955330064235674
commitments,0.00013809660768853316
committed,0.00019300301312770958
committees,0.0
common,0.000292960605005455
commune,0.0
communicate,0.00014155844155844157
communicated,0.0
communicates,0.0
communicating,0.0006137794795483948
communication,0.0015840543218187395
communications,0.0
communicator,0.0
communiquer,7.418330308529944e-05
communities,0.00042265852407974593
community,0.0003795532293113144
companies,0.00022815013965648916
company,0.0012536238366832855
compassionate,0.0
compelling,0.0
compensation,0.00013627129238943583
competence,0.0
competencies,0.00012688582603836843
competency,0.0
competing,0.0
competition,0.0
competitive,0.0001393683672164685
compile,0.0
compiling,0.0
complete,0.0006344383666628217
completed,0.0
completeness,0.0
completing,0.0
completion,0.0
complex,0.0014519733773201522
complexity,0.0006709992639871458
compliance,0.00019542805916629313
complies,0.0
comply,0.0
components,0.0
comprehensive,0.00028016390389271745
comprised,0.0
computational,0.0
computer,0.003649639469476121
computing,0.0013520518396465423
compétences,0.00013952892985151052
concept,0.0002409697696568687
concepts,0.0
concerns,0.0
concise,0.0
concisely,0.0
conclusions,7.305049252257249e-05
condensing,0.0
condition,0.0001659958133132424
conditions,0.0
conduct,0.0001535339007227081
conducted,0.0
conducting,0.0001720328282828283
conducts,0.0
conference,0.0
conferences,0.00044479055159167086
confidence,0.0
confident,0.0
confidential,0.00018808113964876325
confidentiality,0.0
confidentially,0.0
configuration,0.0
confirm,0.0
conflict,0.0
confluence,0.0
conformance,0.0
conformité,0.0
conjunction,0.0
connect,0.0004952622948767697
connected,0.0
connecting,0.00018001245068914235
connections,0.00039750872690034697
consecutive,0.0
consensus,0.0
consent,0.0
consider,0.0
consideration,0.0
considerations,0.0
considered,0.0004798580557301487
considering,0.0
consistency,0.00013444933920704852
consistent,0.0
consistently,0.0
constant,0.0
constantly,0.0005572045667730001
constraints,0.0
construction,0.0
consult,0.0
consultant,0.0
consultants,0.0
consultation,0.0
consultative,0.0
consulting,0.0
consults,0.0
consumer,0.0001344197802645794
consumers,0.0
consumption,0.00017943935583901249
contact,0.00016222741604745016
contacted,0.0
contacts,0.0
content,0.0
context,7.328552218735994e-05
continually,0.0
continue,0.0
continued,0.0
continues,0.00020361145703611455
continuing,0.0
continuous,0.0
continuously,0.0005152174722174625
contract,0.001008060504841554
contracted,0.0
contractor,0.0
contracts,0.0
contractsalary,0.0
contractschedule,0.0
contribute,0.0
contributes,0.00014429730066178474
contributing,2.4576118326118316e-05
contribution,0.000222062213869482
contributions,0.0006228070503500001
contributor,0.0
control,0.0
controls,4.4395727000970123e-05
convenient,0.0
conversation,0.00013454290113641034
conversion,0.0
convert,0.0
convey,0.00034972076611718286
coordinate,0.0
coordinates,0.0
coordinating,0.0
coordination,0.0
coordinator,0.0
core,0.000401944823497409
corporate,0.0015984695838290198
corporation,0.0
corporations,0.0
correct,0.0
corrections,0.0
corrective,0.0
correspondence,0.0
cost,0.0
costing,0.0
costs,0.0
council,0.0
countries,0.0008460781874313983
country,0.0
coupled,0.0
courage,0.0
course,0.0
courses,6.920526875490344e-05
courteous,0.0
cover,0.0
coverage,0.0
covered,0.0
covering,0.0
covid,0.00030501780269918776
cpa,0.0
cpg,0.0
craft,0.0
cran,0.0
crave,6.945624468988956e-05
create,0.0007365353606501083
created,0.0
creates,0.0
creating,0.00046324710532142787
creation,0.0
creative,0.00018952673998990494
creatively,0.0
creativity,0.00023994599380689833
credit,0.0
creed,0.0005282921765755263
criminal,0.0
criteria,0.0
critical,0.00033776571964686403
crm,0.0
croissance,0.0
cross,0.00013796329829099762
crucial,0.0
crystal,0.0
cultivate,0.0
cultural,0.0
culturally,0.0
culture,0.0002474981078126315
cultures,0.00019203757877881602
cure,0.0
curiosity,0.00035493088782562464
curious,0.000109975149651964
current,0.00019677860862922142
currently,0.0
custom,0.0
customer,0.000984347309124374
customers,0.0010875741861348744
customized,0.0
cutting,0.0
cv,0.0
cycle,0.00017175921089570333
cycles,0.0
daily,0.0
dashboard,0.0
dashboards,0.0003511674196007442
database,0.00037737982157092713
databases,0.0
datasets,0.0015441155195917277
date,0.00040755978592061314
dates,0.0
day,0.0009814298379414586
days,0.0015063892261663785
db2,0.0006559563854327003
deadline,0.0
deadlines,0.00044498756437515933
deal,0.0
dealer,0.0
dealing,0.0002618768193950955
debt,0.0010414804389474188
debugging,0.0
decision,0.0
decisions,0.002268626904162305
decks,0.00017452336546616948
decomposition,0.0
dedicated,0.0
dedication,0.0
deep,0.00971034436947557
deepen,0.0
deeply,0.0
defect,0.0
defects,0.0
define,0.0006855145433356114
defined,0.0
defines,0.0
defining,0.0
definition,0.00012014991181657848
definitions,0.0
deliver,0.0
deliverables,0.0002419807686447945
delivered,0.00014369155417748728
delivering,0.0004901433831455767
delivers,0.0
delivery,0.0
demand,0.0
demande,0.0
demander,0.0
demanding,0.0
demands,0.0
demographics,0.0003554796039500633
demonstrable,0.0
demonstrate,0.00020232788132369686
demonstrated,0.0001871513821403397
demonstrates,0.0
demonstrating,0.0
demos,0.0
dental,0.0
department,0.0
departmental,0.0
departments,0.0
depend,0.00013864477335800187
dependencies,0.0
depending,0.0
deploy,0.002964048742661709
deploying,0.0
deployment,0.0006120446476068947
depth,0.00015330520393811537
derivatives,0.0
derive,8.352490421455938e-05
deriving,0.0005164741004590003
description,0.001354012778651726
descriptive,0.0
design,0.00047531677976757607
designated,0.0
designation,0.0
designations,0.0
designed,0.0
designers,0.0
designing,7.072424403208646e-05
designs,0.0
desirable,0.0
desire,0.0001481369339175911
desired,0.00011738896312399043
desktop,0.0
detailed,0.000136113886113886
details,0.0003689367614097772
detection,0.0006608245149911815
determine,0.0
determined,0.0
determines,0.0
determining,0.0
develop,0.00028011750722799477
developed,0.0
developer,0.00012417407154249261
developers,0.0
developing,0.0002552133350557634
development,0.0016615519204848
developments,0.00014139710017388175
develops,0.0006941698533506594
devops,0.0
diagnose,0.0002483392968803825
diagrams,0.0
difference,0.0
differences,0.0
different,0.00015336667418866444
differently,0.0
difficult,0.0
différence,0.0
différences,0.0
différents,0.0
digital,0.00031495325606710624
digitally,0.0
dignity,0.0
diligence,0.0
dimensional,0.0
dimensions,0.0002697501827377999
diploma,0.0
diplomacy,0.0
diplomatic,0.0
direct,0.00013896372819603147
direction,0.0007758635938865431
directions,0.00026940573607392193
directly,0.0
director,0.00013002461387073093
disabilities,0.0003531508540951084
disciplinary,0.0
discipline,0.0
disciplines,0.0012091668343423051
discount,0.0
discounts,0.0
discover,0.001203117796184449
discovery,0.00038811077575658754
discrepancies,0.0
discriminate,0.0006666215415192317
discrimination,0.0
discuss,0.00017482576615157998
discussion,0.0
discussions,0.00026767232178658126
disease,0.0
diseases,0.00013958497677477613
disinfecting,0.0
display,0.0
disponibles,0.0
disruptive,0.0
disseminate,0.0
distancing,0.0
distill,0.0005628512234546429
distinct,0.0
distinctive,0.0
distribute,0.00010095990032554316
distributed,0.0
distributes,0.0
distribution,0.0
dive,0.0002888928046600537
diverse,0.001973864253025099
diversity,0.0
division,0.0006718760681453227
divisional,0.0
document,0.0005923754937546704
documentation,0.0005658622888128874
documented,0.00013700971889125198
documenting,0.00019468404371261378
documents,0.0004428546485549787
does,0.0007564834441609411
doesn,0.00040272829601665117
doing,0.0
dollars,3.748396469915504e-05
domain,0.0
domestic,0.0
domo,0.0
don,0.0
données,0.0
dont,0.0
downtown,0.00034089766833223124
dq,0.0
draw,0.0
drawing,0.0
draws,0.0
dream,0.0
dreams,0.0
dress,0.0
dressdental,0.00028071691056455624
drive,0.00278135931336306
driven,0.0033720990856227363
driver,0.00023463691848446829
drivers,0.0
drives,0.00037812472512104624
driving,0.0
durables,0.0
duration,0.0
duties,0.0
dynamic,0.00010679992161473641
dynamics,0.00011127495462794918
dès,0.00015124981897967382
eager,0.0
early,0.0
ease,0.00013691849384946255
easily,0.0
east,0.0
easy,0.0
ecommerce,0.0
econometrics,0.0
economic,0.0
economics,0.00032823635694449087
economy,0.00014934711731782877
ecosystem,0.00048435912126690837
edge,0.001865636247700436
educate,0.000384253598497093
education,0.0002025514727534329
educational,0.0
eeo,0.0
effective,0.0
effectively,0.0
effectiveness,2.7817476521028994e-05
efficiencies,0.0
efficiency,0.00021071820324604856
efficient,0.0002190154040834205
efficiently,0.0
effort,0.0
efforts,0.0002054880603267709
efforçons,0.0
electrical,0.0
electricity,0.0
electronic,0.0
elements,0.0
elevate,0.0
elicit,0.0
elicitation,0.0
eliciting,0.0
eligibility,4.297730658021556e-05
eligible,0.00030493243414162776
eliminate,0.0005481132578622016
email,0.0010436757508104182
emails,0.0
embedded,0.0
embrace,0.00014113117593592963
embraces,0.0
emerging,0.0003993929033966019
emphasis,0.00014024553073788948
emploi,0.0
employ,0.0
employee,0.0008972704215502627
employees,0.0008254556184878922
employers,0.0001262182765608414
employment,0.0005721787458815177
empower,0.0006610200535882262
empowered,0.0
empowering,0.0
empowers,0.0
enable,0.0
enabled,0.0
enablement,0.0
enables,0.0
enabling,0.0006665002053804998
encourage,0.0
encouraged,0.0
encourages,0.00014266019824096056
end,0.000275581940595168
energetic,0.0
energy,0.0
enforce,0.0
engage,0.0003006409062258366
engaged,0.0002621646623496763
engagement,0.0
engagements,0.0
engages,0.0
engaging,0.0009404183306327397
engine,0.0
engineering,0.009708748867852923
engineers,0.003027022275144864
english,0.0
enhance,0.0
enhanced,0.0
enhancement,0.0
enhancements,0.0001776447243608548
enhancing,0.0001666818351140384
enjoy,0.0
enjoys,0.0
enrichissante,0.0
enrollment,0.0
ensemble,0.00013521292281242
ensure,0.001717296171283758
ensures,0.00011368651518808399
ensuring,0.0002906230798490212
entendu,0.00012265757785267768
enterprise,0.00024278171918825278
entertain,0.0
entertainment,0.0001466575394202624
enthusiastic,0.0
entire,0.00022473081516860782
entities,0.0
entitled,0.0
entraîner,0.0
entrepreneur,0.0
entrepreneurial,0.0
entrepreneurs,0.0
entreprises,0.0
entry,0.0
environment,0.000813584853823498
environmental,0.0
environments,0.0001360948041706825
equality,0.0001309949624634694
equally,0.0
equipment,0.00014663976028863213
equipped,0.0
equitable,0.0
equity,0.0
equivalent,0.0
erp,0.0
error,0.0
errors,0.0
escalate,0.0
escalated,0.0
escalating,0.0
escalation,0.0
escalations,0.0
especially,0.0005894644249186993
essential,0.0003068672544431727
establish,0.00026699980403684104
established,0.00014778161560916243
establishes,0.0
establishing,0.0
estate,0.0
estimates,0.00010365157854697602
ethical,0.0
ethnic,0.0
ethnicity,7.0071726463772e-05
etl,0.00033918700522319966
europe,0.0007474035235993318
evaluate,0.0006935690423062271
evaluates,0.0
evaluating,0.0
evaluation,0.0
event,0.0
events,0.0
everyday,0.00012810746575312658
evidence,0.00014245500834276888
evolution,0.0
evolve,0.0
evolving,0.0002283944868690632
ex,0.000149310084985156
example,0.0
excel,0.006488000491680852
excellence,0.0
excellent,0.00019054235768713578
exception,0.0
exceptional,7.021605126194272e-05
exceptionally,0.00038675096405561967
exceptions,0.0
exchange,0.0
exchanges,0.0001521744980987943
excited,0.0
exciting,0.0011306120311686458
execute,0.0004178327950467099
executed,0.0
executes,0.0
executing,0.000256212246076454
execution,0.0
executive,0.0
executives,0.0002713507119666756
exempt,0.0
exercise,0.0
exercises,0.0
exist,0.0
existing,0.0002821962264155195
expand,0.0007907761799607765
expanding,0.0
expansion,0.0
expect,0.00010418436703483433
expectations,0.00042251512147824195
expected,0.0
expenditures,0.0
expenses,0.0
experienced,0.0001485839463301112
experiences,0.00023876281433453083
experiment,0.0
experimental,0.0
experimentation,0.0
experiments,0.00041299694659738305
expert,0.0002901355032238039
expertise,0.0018672343337043224
experts,0.0005087636188588503
explain,0.0004349108522240895
exploration,0.0002921198781201394
exploratory,0.00027298806629735405
explore,0.002032508602507729
exploring,0.0002856573345766868
exposure,0.0005734445854097088
expression,0.0008782306612816461
expérience,0.00027074990071078263
extend,0.0
extended,0.00012742434279556237
extension,0.0
extensive,0.0007204811174837395
external,0.0017638234040595615
extra,0.0
extract,0.0012497241208603604
extracting,0.00012385321100917435
extraction,1.4918160996591969e-05
extracts,0.0
extraordinary,0.0
extremely,0.0
eye,0.0
facebook,0.0
faced,0.00046952979329612367
facilitate,0.00014546558771324515
facilitates,0.0
facilitating,0.0
facilitation,0.0
facilities,0.0
facing,0.0005744307624550474
fact,0.0
factors,0.0
facts,0.0
fail,0.0
fair,0.0
faire,0.00013103790064574372
familiar,0.0
familiarity,0.0003984715808963485
families,0.0
famille,0.0
family,0.0
fan,0.0
faq,0.0
fashion,0.0
fast,0.0008187136172041341
faster,0.0
fastest,0.0
favorisons,0.0
feasibility,0.0
feature,0.0006659937930626994
features,0.0018655737814252382
feb,0.00013572857605366053
federal,0.0
feedback,0.000523170169788137
feeds,0.0
feel,0.00012894999737104993
feels,0.00024166474875335635
fees,0.0
field,0.0003700514047220777
fields,0.0
file,0.0
files,0.0
filters,0.0
final,0.0004216332595629206
finance,0.0001214658678606207
financial,0.0
financials,0.0
financing,6.898824757340664e-05
finding,0.0003713120430503466
findings,0.0
finish,0.0
fintech,0.0
firm,0.00021372549019607845
firms,0.0002948846980396907
fit,0.00014340954584557606
fitness,0.00014062620045430686
fix,0.0
fixed,0.0
fixes,0.0
flat,0.0
fleet,0.0001141972434345316
flexibility,0.0
flexible,0.00013223786640066318
floor,0.0
flow,0.00025478677056066823
flows,0.0
fluency,0.0
fluent,0.0
focus,0.00017236887665861823
focused,0.00031721456509592114
focuses,0.0
focusing,0.00043301597178119905
follow,0.0007162189898849256
followed,0.00013515691414698545
following,0.001409816073497703
follows,0.0
food,0.0
force,0.0
forecast,0.0
forecasting,0.0
forecasts,0.0
forefront,0.0
form,0.0
formal,0.0
format,0.0001377689914441276
formation,0.0
formats,0.0002952188964806823
forms,0.00010673959068454482
formulas,0.0
formulate,0.0
formulates,0.0
formulating,0.0
fortune,0.0
forward,0.0003432813172033636
foster,0.0
fostering,0.0
fosters,0.0
foundation,0.0
foundational,0.0
founded,0.00015451166988369056
fournir,0.0
fp,0.0
fr,0.0
frames,0.0
framework,0.0
frameworks,0.0006939449754967289
franchir,0.0
franchises,0.0
fraud,0.00037573609531289917
free,0.0
freedom,0.0
freight,0.0
french,0.0
frequent,0.0
frequently,0.0
fresh,0.0
friday,0.0
fridayexperience,0.0007081744486346406
fridaywork,0.0
friendly,0.0
fuel,0.00014767120162003384
fulfill,0.0
fulfillment,0.0
fully,0.0005252970885315971
fun,0.00020583639386722113
function,0.0003298396420169123
functional,0.00011922702965483714
functionality,0.0
functionally,0.0
functions,0.0006175296715658723
fund,0.0
fundamentals,0.0
funding,0.0
funds,0.0
future,0.0004450087929620207
gain,0.0
gained,0.0
game,0.0
games,0.00013037149478491736
gaming,0.0
gap,0.0
gaps,0.00010803964757709254
gather,0.0
gathered,0.00024399441141136096
gathering,0.000195554060493931
gathers,0.0
gcp,0.0005085932017195944
gender,0.00434338450219719
general,0.0
generate,0.00024135805423521224
generated,0.0
generating,0.00023555221590744436
generation,0.0
generous,0.0
genetic,0.0002095516666092297
genetics,0.0004233620289395405
genomics,0.00038379348750839233
gens,0.0
geographies,0.0
geography,0.0
gestion,0.0
getting,0.0
github,0.0
given,0.0002524365531216828
giving,0.0
gl,0.0
global,0.00010686274509803922
globally,0.0005287747364859586
globe,0.0
goal,0.0002721018439589473
goals,0.00013028537277752877
goes,0.00012442922374429226
going,0.0
good,0.00012864696440373903
goods,0.0002425337614932331
google,0.0
got,0.0
governance,0.0009105688063807272
governing,0.00028426564830769173
government,0.0006023933010147102
governments,0.0
grade,0.00026677590067214317
graduate,0.0
granularities,0.00013954990341009076
graphics,0.0
grasp,0.0
great,0.001609768323534784
greater,0.0
greatest,0.0
green,0.0
grid,0.0
ground,0.0
group,0.00018543011260941392
groupe,0.00027024682171169183
groups,0.0
grow,0.00039595178489016747
growing,0.00023250802633726945
grown,0.00035573469141755057
growth,0.0004295427265163474
guidance,0.00034888560717305235
guide,0.0
guided,0.0
guidelines,0.00038255595378849184
guides,0.0
guiding,0.0
gym,0.0
h2o,0.000665633324360722
hadoop,0.0007278327298607197
hall,0.0
hand,0.0
handle,0.0
handles,6.945827326095443e-05
handling,0.0
hands,0.0
happens,0.0
happier,0.0
happy,0.0
hard,0.0
hardware,0.0004926769334932596
hardworking,0.0
hats,0.0
haves,0.00013009690429045264
having,0.0
head,0.0
headquartered,0.0
headquarters,0.0
health,0.0005427146394710353
healthcare,4.8042520093337204e-05
healthier,0.0
healthy,0.0005200069078089791
hear,0.0
heard,0.0
heart,9.304736699079607e-05
held,0.0001366017495049753
help,0.004368510651286121
helping,0.0001408705541770058
helps,0.0
hidden,0.00014217325665725293
high,0.0001158958001063264
higher,0.0014607700525386832
highest,0.0
highlight,0.0
highlighting,0.0
highly,0.0
hill,0.0
hire,0.0011304258870050087
hired,0.0
hiring,0.0
historical,0.0
history,0.0
hive,0.0021007224404157978
hoc,0.0004120703974777966
hold,0.0
home,0.00042187352447533395
homeschedule,0.0
honest,0.0
honesty,0.0
hospital,0.0
hour,0.000943604079149835
hourly,0.0
hours,0.0
hourschedule,0.0018295034728290289
house,0.0
hr,0.0
html,0.0
http,0.0
https,0.00014408678938531788
hub,0.0002835403513456567
huge,0.0
human,0.00018914026971210253
humble,0.0
humility,0.0
hundreds,0.00010727946729051889
hybrid,0.00013571781025331232
hyper,0.0
hypotheses,0.0
ibm,0.0
ici,0.0
iconic,0.00017705690119184926
id,0.00012099012099012108
ideal,0.0022732976380220155
ideally,0.0
ideas,0.0
ideation,0.0
identification,0.00013976359863484736
identified,0.0
identifies,0.0
identify,0.0015417518374411115
identifying,0.0011708689216820539
identity,0.00022687326549491218
ifrs,0.0
illustrate,0.0
imagine,0.0
immediate,0.0
impact,0.00036704775484741603
impacted,0.0
impactful,0.0
impacting,0.00027917671591399645
impacts,0.00036579501484043176
imperative,0.0
implement,0.00024395989213501633
implementation,0.0
implementations,0.0
implemented,0.0
implementing,0.0008114433695469396
implements,0.0
implications,0.0
importance,0.0
important,0.0
importantly,0.0
improve,0.0019463378615919024
improved,0.0
improvement,0.00012181039299683364
improvements,0.0008906842294115935
improving,0.0006096749867027985
incentive,0.0
incident,0.0
incidents,0.0
include,0.0004961862772428758
included,0.0
includes,0.00047775647169317613
inclusif,8.409295921758539e-05
inclusion,0.0002395333170186972
inclusive,0.0007849755302823454
inclusiveness,0.0
inclusivity,0.0
income,0.0
incorporate,0.0
incorporated,0.0
incorporating,0.00013998394679509232
increase,0.0004844415401414661
increasing,0.0
increasingly,0.0
incremental,0.0
incumbent,0.0
independence,9.577140920753265e-05
independent,0.0
independently,0.0002144116073395651
index,0.0
indicators,0.0
indigenous,0.0
individual,0.0
individuals,0.0
industrial,0.0
industries,0.0
industry,0.0012116374853820033
inference,0.0
inferences,0.0
influence,0.0020934940676081448
influences,0.0
influencing,0.0
info,0.0
inform,0.0004483711484631063
informatica,0.0
information,0.0010175530441597087
informed,0.0
infrastructure,0.00015562853996224036
initial,0.0
initiate,7.372835497835497e-05
initiative,0.00012014991181657848
initiatives,0.00042736112647138975
innovant,0.0
innovate,0.0
innovating,0.0
innovation,0.00013992963103841768
innovations,0.0
innovative,0.00011832963427578886
innovators,0.0004097254092841785
input,0.0
inquiries,0.0
inquiry,0.0
inside,0.00011850402261361168
insight,0.0
insightful,0.0003965487583295504
insights,0.0016678743958792577
inspire,0.0
inspired,0.0
inspires,0.0006616227078937367
inspiring,0.0001390676898008895
institution,0.0
institutional,0.00012432098379122617
institutions,0.0003091468543853045
instructions,0.0
instrumental,0.0
instruments,0.0
insurance,0.0005638508608317334
insurancepaid,0.0
integral,0.0
integrate,0.0
integrated,0.0
integrates,0.0
integrating,0.0
integration,0.0
integrations,6.820564857094484e-05
integrity,0.00015836042783998563
intellectual,0.0004073533652542118
intelligence,0.00021905643053402894
intelligent,0.0010199583558999383
intended,0.0
interact,0.0
interaction,0.0
interactions,0.0
interactive,0.0
interested,0.0012363158582700028
interesting,0.0
interests,0.0
interface,0.0005036751432066434
interfaces,0.0
interfacing,0.0
intermediate,0.0
intern,0.00020138729062779706
internal,0.0012052216288436996
internally,0.0002561012892430368
international,0.00027298384252049074
internet,0.0
internship,0.00027512339887411343
interpersonal,0.00033140002390361745
interpret,0.00018136039562470583
interpretation,0.00045266956822221776
interpreter,0.0
interpreting,6.761227359192788e-05
interprets,0.0
interview,0.0006482083185316398
interviewing,0.0
interviews,0.0
introduction,0.0
inventory,0.0
investigate,8.527243369090385e-05
investigating,0.0
investigation,0.0
investigations,0.0
investigative,0.0
investing,0.0
investment,0.0
investments,0.00021615336687490555
invite,0.0
involve,0.00013424520394859368
involved,0.00031842827088048476
involves,0.0
involving,0.0
issue,0.0
issues,0.0004886586349371023
item,0.0001276197166608125
items,0.0
iterative,0.0
jad,0.0
janssen,0.0
java,0.00043761965925209957
javascript,0.00027021133425948556
jde,0.00013023426236428954
jersey,0.0
jira,0.0
jobs,0.0
john,0.0
johnson,0.0
join,0.0009259906293130272
joining,0.0
jour,0.0
journey,0.0
journeys,0.0
json,0.0
judgement,0.0
judgment,0.0
junior,9.216979536614239e-05
jupyter,0.0
just,0.0027050327986762033
kafka,0.0
keen,0.0
keeping,0.00027407338424287586
keras,0.0008567536564381982
key,0.0008341965395985897
keys,0.0
kind,0.0
king,0.0
knit,0.00015073142235214987
know,0.00010827590488607434
knowledge,0.0004635508825887351
knowledgeable,0.0
known,0.0004235475278285388
kpi,0.0001396958304853042
kpis,0.00021290177472850315
labs,0.00014607623978080722
land,0.0
landscape,0.00018174909255898365
language,0.001432755955977099
languages,0.0006726075672410996
large,0.0012459526343910554
larger,0.0
largest,0.0004711891735724454
lasting,0.0
latency,0.0
latest,0.0015660974222671137
launch,0.00023137288718011025
launches,0.0
launching,0.0
laundering,0.0
law,0.0
laws,0.00014221704352794854
lead,0.0011208764958644854
leader,0.0001314756386988691
leaders,5.923561390503282e-05
leadership,0.00032342065596287315
leading,0.0
leads,0.0002253529446511902
learn,0.001125750914512762
learner,0.0
learning,0.048233861818436335
learnings,0.00024483498077601095
leave,0.0002508993815540501
led,0.0
legacy,0.0
legal,0.0
legally,0.00013277389050684113
legislation,0.0
lending,0.0
length,0.0007658397540984392
lens,0.0
let,0.0003183564743345601
letter,0.00041991649356239836
leurs,0.0
level,0.000912158356690975
levels,0.00011707753002931233
leverage,0.001630594702847895
leveraged,0.0
leverages,0.0
leveraging,0.00020354808590102708
levers,0.00015058916873063362
li,0.0007007068025271404
liaise,0.0001459186999441238
liaises,0.0
liaising,0.0
liaison,0.0
libraries,0.0022001082258428124
license,0.0
life,8.347257031467548e-05
lifecycle,0.0
lifestyle,0.0
lifetime,0.0
light,0.0
like,0.003019939414177662
likes,0.0
limit,0.0
limitation,0.00010523673437862053
limitations,0.0
limited,0.0003291791890118254
limites,0.0
limits,0.0
line,0.0006612436362636003
lineage,0.0
linear,0.00035472358867944594
lines,0.0006801064978224907
link,0.0
linkedin,0.00014172171542413815
links,0.0
linux,0.0
list,0.0
listed,0.00015579413979932482
listen,0.0
listening,0.0
live,0.0002757799194183884
lives,0.0008682362387278897
ll,0.00014198992144495967
load,0.0
local,0.0001702979370443497
located,0.0006228597378140153
location,0.0009911177378238967
locations,0.0
log,0.00024847204934212616
logic,0.0
logical,0.0
logistic,0.0
logistics,0.0
logs,0.00028822489796198375
london,0.0
long,0.0003304122574955908
look,0.0
looker,0.0003969200662117778
looking,0.0002520925110132159
loosely,0.0
loss,0.0
lot,0.0
lots,0.00012504038001262798
love,0.002276596177864648
loved,0.0
low,0.0
loyal,0.0
loyalty,0.00022339450094187912
ltv,0.0
machine,0.04303930426991427
machines,0.0
macros,0.00014386020483581462
mail,0.0
mailbox,0.0
main,0.0001277427481605759
maintain,0.00019348851170089557
maintained,0.0
maintaining,0.0
maintains,0.0
maintenance,0.00030532212885154056
major,0.0
make,0.00013234273820536544
makers,0.0
makes,0.00013813364055299544
making,0.003550527799086465
manage,0.0004469267473804675
managed,0.0
management,0.0040080618098019
manager,0.00043509259831984613
managers,0.0
manages,0.0
managing,0.00017336298499680774
mandate,0.0
mandatory,0.00014075413223140499
manipulate,0.00013941719497275089
manipulating,0.0
manipulation,0.0
manner,0.0
manual,0.0
manufacturing,0.0
map,0.0
mapping,7.613149562302105e-05
maps,0.0
mar,0.0
march,0.0
marital,0.0009152366937667348
mark,0.0
market,0.0012008848384822922
marketing,0.0006333502217436778
marketplace,0.0003424619713017125
markets,0.00033437406266190384
markham,0.00011578226796336509
massive,0.0
master,0.000558278500579166
masters,0.0010365006515199323
match,0.0001430848570089077
matches,0.0
matching,0.0
matchvision,0.0
material,0.0
materials,0.0
maternity,0.0
math,0.0012704794228271784
mathematical,0.0008311317689841188
mathematics,0.0062849617194001214
matière,0.000312637436181807
matlab,0.00014524856424982132
matrix,0.0
matter,0.0006534182329419789
matters,0.0
mature,0.0
maturity,0.0
maximize,0.0009640047707773997
maximizing,0.0
maximum,0.0
mba,0.0
mean,0.00014151166084411292
meaning,0.0
meaningful,0.0004296158710426069
means,0.0
measurable,0.0
measure,0.0
measurement,0.0
measurements,0.0
measures,0.00041876609509684803
measuring,0.0
mechanisms,0.0
media,0.0
medical,0.0002709321058688148
medium,0.0
meet,0.00024345611285266457
meeting,0.0003707249452672088
meetings,0.0001399296310384177
meetingssanitizing,0.0
meets,0.0
member,9.657983342193868e-05
members,0.0001483666061705989
membership,0.0
membre,5.250498939718946e-05
memorable,0.0
mental,0.0
mentor,0.00013026875648865094
mentoring,0.0007605878415140971
mentorship,0.0005344418328516011
merchandise,0.0
merchandising,0.0
merit,0.0
messages,0.0
messaging,0.0
mesures,0.0
met,0.0
metadata,0.0
method,0.0
methodologies,0.0
methodology,0.00032686992125034243
methods,0.0007410180289707325
meticulous,0.00041293291820492553
metrics,0.0
microsoft,0.00011660802586534805
mid,0.0
middle,0.0
migrating,0.0
migration,0.0
mile,0.0
milestones,0.0006729591167027291
milieu,0.0
military,0.0
million,0.0
millions,0.0017532325462383752
mind,0.00014088043708803676
minded,0.0
minds,0.0
mindset,0.0
minimal,0.0
minimize,0.00012961377473363775
minimum,0.0006163050087566545
mining,0.003790304920481753
ministry,0.0001391758824680884
minorities,0.0
minority,0.0
minutes,0.0
mission,0.0025094655600510145
mississauga,0.0
mitigate,0.00012429754780324034
mitigation,0.0
mix,0.0
ml,0.012173873082298628
mobile,0.0
model,0.0003872928397400738
modeling,0.00908485966212503
modelling,0.0024814903517266017
models,0.01959950582138429
moderate,0.0
modern,0.0001536377144266661
modernization,0.0
modifications,0.0
modify,0.0
molecular,0.0
moment,0.0004412836534005832
moments,0.0
monday,0.0
monde,0.0
monetization,0.0
money,0.00014373014972776765
monitor,0.0
monitoring,0.0002809900772702564
monitors,0.0
month,0.0002726374005947441
monthly,0.0
months,0.0003119834107304535
monthsjob,0.0002533168745521263
montreal,0.0
mortgage,0.0
mortgages,0.0
motivated,0.0
motivation,0.0
moving,0.0
moyen,0.00022125381785165806
moyens,0.0
ms,0.00024298670439498653
msc,0.0
multi,0.0
multicultural,0.0
multidisciplinary,0.00025339109112644683
multiplatform,0.0
multiple,0.00127950129463016
multitask,0.0
multivariate,0.0
mutual,0.0
mysql,0.0
named,0.00011905670060195839
nasdaq,0.0
national,0.0007095313725031794
native,0.0003507167069667061
natural,0.002940634361019992
nature,0.0004154446535057391
navigate,0.0
nearly,0.0
necessary,0.00015656233167753904
need,0.0003425776734530187
needed,0.00016588879870129872
needs,0.0002517438257115344
negotiate,0.0
negotiates,0.00018027356229056808
negotiation,0.00020906006880761445
net,0.0
network,0.00041976235228968745
networking,0.0002644790712601932
networks,0.003529902091454165
neural,0.0008565715892721363
new,0.0005477178359678338
nice,0.0
nights,0.0
nlp,0.001920108513644076
non,0.0002510158768946107
normal,0.0
north,0.00012477106227106225
nosql,0.0
note,0.00025928373199418534
notes,0.0
notice,0.0006655175405719483
notify,0.0
nouvelles,0.00026238942513329025
novel,0.0
number,0.0
numbers,0.0008412985567871986
numerous,0.0
nurture,0.0
nyse,0.0
objective,0.0
objects,0.0
obligations,0.0
obsessed,0.0
obtain,0.0
obtaining,0.0
obtenir,0.0
occasions,0.00020963325235477152
offer,0.0011605116780608457
offered,0.0
offering,0.0008620761782977068
offerings,0.0
offers,0.00014912192773347213
office,0.0002552901009917869
officer,0.0
offices,0.0006294726201145319
offrir,0.0
offrirons,0.0
offrrsp,0.00032387785338015807
omniture,0.0
onboarding,0.0
ones,0.0
ongoing,0.0004383999073500116
online,0.00033220557453750847
onsite,0.0
ontarians,0.0
op,0.0
open,0.00223868918997382
operate,0.0
operates,0.00011452845675167505
operating,0.000908891417707173
operation,0.00012897947839468298
operational,0.001102123869260967
operations,0.0
opportunities,0.00019682746623579168
ops,0.00031213831293870685
optimal,0.00027592365164753256
optimization,0.0008931337109843653
optimizations,0.0
optimize,3.266009003083091e-05
optimizes,0.0
optimizing,0.0003841547961421721
option,0.0
options,0.0002425312324012459
oracle,0.0
oral,0.0004853145838411122
order,0.0003344863524544633
ordinate,0.0
organisation,0.0
organization,0.0
organizational,0.0003645855498879409
organizations,0.0014137810412189595
organize,0.00013570888739602153
organized,0.0
orientation,5.0087308151824306e-05
oriented,1.2004405286343621e-05
origin,0.0028319675614756606
original,0.0
outcome,0.00021955748591571448
outcomes,0.0033498373355305613
outils,0.00010365157854697602
outline,0.0002903018388188776
outlook,0.0
output,0.0
outside,0.0
outstanding,0.0
overall,0.0
oversee,0.0
overseeing,0.0
oversees,0.0
oversight,0.0
overview,2.7761711697542636e-05
owned,0.0
owner,0.0
owners,0.00012414116903281013
ownership,0.00012615769354675513
owning,0.00031215705041299493
pace,0.0003317220382990647
paced,0.0
package,0.0
packages,0.00039630108090953265
page,0.0
paid,2.9139023767269043e-05
pandas,0.000424346216137676
pandemic,0.0
papers,0.0
parallel,0.0
parameters,0.0
parental,0.00011944114692722123
participate,0.0003648665979865469
participates,0.0
participating,0.0
participation,0.0007584144905215939
participent,0.0
particular,0.0
particularly,0.0
parties,0.000250694411408697
partner,0.0013445896360350827
partnering,0.0
partners,0.0005688250796665496
partnership,0.00023233560620672703
partnerships,0.0
partout,0.0
parts,0.0001440046645471743
party,0.0
pass,0.0
passion,0.00014148191396768248
passionate,0.0009290379703509318
past,0.0
path,0.0005610975899189753
paths,0.0
patient,0.0
patients,0.0
pattern,0.0
patterns,0.0
pay,3.510522567195865e-05
payment,0.0
payments,0.0
payroll,0.0
pc,0.0
peer,0.0
peers,0.0001966584819045585
pension,0.0
people,0.00022995780590717306
peoples,0.0
perfect,0.0
perform,0.0004499383915505924
performance,0.0007802858615761579
performed,0.0
performing,0.0002939905441231997
performs,0.0
period,0.0
periodic,0.0
perks,0.0007056676741214686
perl,0.0
permanent,0.0
permanentbenefits,0.0
permanentsalary,0.0
permanentschedule,0.00010803964757709254
permit,0.0
person,0.00013057387676870176
personal,0.00010865231259968103
personalized,0.0
personally,0.00023116407613664642
personnel,0.0
personnes,0.00041223106230389966
persons,0.0006556412890973153
perspective,0.0
perspectives,0.0010184757267251029
pertaining,0.0
ph,0.0016616997028294717
pharmaceutical,0.0
phase,0.00012861435343586666
phases,0.00026046931604800964
phd,0.0028065749315537175
phenomenal,0.0002902913120919811
phone,0.0
physical,0.0003924613220815754
physics,0.0003824752892482677
picture,0.0
pilot,0.0
pipeline,0.00014508134560539242
pipelines,0.001754862730586283
pivot,0.00013564611393507734
place,0.0006375527769888454
placement,0.0
places,0.0
placevirtual,0.0
plan,0.00014138706329989626
planned,0.0002603394849308183
planning,0.00013137802820342414
plans,0.0001762849924615947
platform,0.0011043090086398078
platforms,0.00035617641352408383
play,7.418330308529946e-05
player,0.00041481799599446637
players,0.0014324146034956529
playing,0.0
plays,0.0001152205028016716
plus,0.0
pm,0.0
pmo,0.0
point,0.0
points,0.00018031430934656737
policies,0.0
policy,9.891107078039924e-05
population,0.0
portfolio,0.0
portfolios,0.0
positifs,0.0
position,0.00012604625550660794
positioned,0.0
positions,0.0001397396497711384
positive,0.0006328125000000001
positively,0.0003930053165768958
possess,0.0
possesses,0.0
possibilities,0.0
possible,0.00045023982924084045
post,9.830447330447328e-05
posted,0.0
poster,0.0
posting,0.0
potential,0.0003412984301188009
potentially,0.0
power,0.0014661327183938698
powerbi,0.00021236586473936237
powered,0.00029092211492420724
powerpoint,0.0008994105652259475
practical,0.0002457611832611832
practice,0.0013903565633521819
practices,0.00012879593524754815
pragmatic,0.0
pre,0.0002683288542328767
precaution,0.0011515633140990892
precise,0.0
predict,0.0
predicting,0.0
predictions,0.0
predictive,0.00723474866858909
prefer,0.0
preferably,0.0
preference,0.0
preferred,0.00026891615280736616
pregnancy,0.0
premier,0.0
prenantes,0.00024724351392112713
preparation,0.00011343663274745609
prepare,0.0001398218262529765
prepared,0.0
prepares,0.0
preparing,0.0
presence,0.0
present,0.0010629686455248828
presentation,0.0005524020061800174
presentations,0.000658378857601142
presenting,0.0
presents,0.0
pressure,0.0
prevent,0.0
previous,0.00038858514148776675
price,0.0
pricing,0.0
pride,0.0009809555133425412
primarily,0.0
primary,0.0
prime,0.0
principal,0.0005325379787840523
principle,0.0
principles,0.0002511676974583786
prior,0.0008197957982083719
priorities,0.0
prioritization,0.0
prioritize,0.0
prioritized,0.0
prioritizing,0.0
priority,0.0
privacy,0.0
private,0.0
proactive,0.0005663678833830328
proactively,0.00016333464771658927
problem,0.0015431332236892838
problems,0.0018250918851104997
procedural,0.0
procedure,0.0
procedures,0.00056963897900278
process,0.005254626179641144
processes,0.0001306305905703094
processing,0.0018204331376895943
processpersonal,0.0
processus,0.0004041664815598945
processvirtual,0.0
procom,0.0
procurement,0.0001179653679653679
produce,0.000673835892688155
produces,0.0
producing,0.0
product,0.001750575748953585
production,0.0018303054781664014
productive,0.0
productivity,0.0
products,0.00040495643295160956
professional,0.0011088613147493581
professionally,0.0
professionals,0.0
proficiency,0.00016788526589477418
proficient,0.0001251992498827942
profile,0.00021870508785403332
profiling,0.0
profit,0.0001264346764346764
profitability,0.0
profitable,0.0
program,0.00020440693858415375
programming,0.004572781890801558
programs,0.0005101202307677379
progress,0.0013462463097273672
progresser,0.00027699216765246623
progressive,0.0
project,0.0016560119022177556
projects,0.00020713077981347056
promise,0.0
promising,0.0
promote,0.0
promotes,0.0
promotion,0.0
promotional,0.0
promotions,0.00013996884663677186
proof,0.00028246772921025165
proper,0.0
properly,0.0
properties,0.0
property,0.00013529892812290083
proposal,0.00013581856384329137
proposals,0.0
propose,0.00013716573716573727
proposed,0.00015046621868000193
proposes,0.0
proprietary,0.0
prosper,0.0
protect,0.0
protected,0.0
protection,0.0
protective,0.0
protocols,0.0
prototype,0.0004309520692939986
prototypes,0.00014046601952493747
prototyping,0.0
proud,0.00010679992161473641
proudly,0.0
proven,0.0005270397546638997
provide,0.0001236388384754991
provided,0.0
provider,0.0
providers,0.0
provides,0.0003136269701529333
providing,0.0007962352822348112
province,0.0
provincial,0.0
provision,0.0
public,0.0007674562435511395
publications,0.00027347093202296466
publicly,0.0
publish,0.0
published,0.00013612395929694734
publishing,0.0
purchase,0.0
purchasing,0.00015738391217053275
purpose,0.0002956883984761833
purposes,0.00030930798656496415
pursue,0.0
pursues,0.0
pursuit,0.0
push,0.00013711209228021182
pushing,0.0002754499275251105
puts,0.0
putting,0.0
pyspark,0.00028298046057431415
python,0.013078807850323625
pytorch,0.002472514151226292
qa,0.0
qc,0.0
qlik,0.0
qualification,0.0
qualifications,0.00015848061325004473
qualified,0.0
qualify,0.0006923030716610448
qualitative,0.0
quality,0.0
quantitative,0.000820434762152433
quantities,0.0
quarterly,0.00034099323233669523
quebec,0.00048413036080516156
queries,0.0002264199935086011
query,0.0
querying,0.0
questionnaire,0.0
questions,0.0
quick,0.0
quickly,0.0003603835300963571
quo,0.0
quote,0.0
race,0.0018007796906212444
racialized,0.0
raise,0.0
raison,4.589214937862498e-05
random,0.0
range,0.0010448618097220876
ranging,0.0
ranked,0.0
rapid,0.0
rapidly,0.0004209100475357766
rapport,0.0
rapports,0.0
rare,0.0
rate,0.0004572219320197537
rates,0.0
rating,0.0
raw,0.0
rbc,0.0
rdbms,0.00026430008314204444
reach,0.00012020953956437824
reaching,0.0005243019969953598
read,0.0006001334898547824
readiness,0.0
reading,0.0
ready,0.00016534199177615093
real,0.0027048421112419664
realize,0.0
really,0.0
reason,0.0
reasonable,0.0
reasoning,0.0
reasons,0.0
receive,7.562442183163739e-05
received,0.0
receiving,0.0
recent,0.0
recognition,0.0001237054170616239
recognize,0.00014343183698022416
recognized,0.0
recognizes,0.0002753237508864182
recognizing,0.0
recommend,0.0
recommendation,0.000503560979136908
recommendations,0.0005007375585633792
recommended,0.0
recommender,0.0
recommending,0.0
recommends,0.0
reconciliation,0.0
record,0.00012528735632183905
records,0.0
recovery,0.0
recruiter,0.0
recruiters,0.0
recruiting,0.0
recruitment,0.00031804273101146196
recruteur,0.0
redesign,0.0
redshift,0.0
reduce,0.0
reduction,0.0
reference,0.0
referral,0.0
refine,0.0
refining,0.0
reflect,0.0
reflective,0.0
reflects,3.0344604171908815e-05
regard,0.0
regarding,0.00012639146567717995
regardless,0.0
regards,0.0
region,0.0
regional,0.0
regression,0.0029980418309534383
regular,0.0
regularly,0.0
regulation,0.0
regulations,0.0
regulatory,0.00013376337319068602
reimbursement,0.0006171493546683765
reinforcement,0.0005025403597971756
reinforces,0.0
relate,0.0
relates,0.0
relating,0.0
relation,0.0006715289264092754
relational,0.0
relations,0.00010220346929207692
relationship,0.0007420447529342058
relationships,0.0002704677354875174
relative,0.0
release,0.0
releases,0.0
relentless,0.0
relevant,0.0005439106013061237
reliability,0.0
reliable,0.0
religion,0.0034875710273947645
religious,0.0007706487461606046
rely,0.0005280379108554358
remain,9.771402958314657e-05
remains,0.0
remediation,0.00014899914416127816
remote,0.001775661159399649
remotely,0.001396827165948292
remove,0.0
report,0.0060668923844290935
reporting,0.0030622441512990735
reports,0.005213078503341014
repoussant,0.0
represent,0.00016243263339662888
representation,0.0
representative,0.0
represents,0.0
reputation,0.0
req,0.0
request,0.0
requested,0.00014681249130318416
requesting,0.0
requests,0.00011268712265321313
require,0.0006567533000545041
required,0.0007447822413767131
requirement,0.0
requires,0.0
requiring,0.0
requisition,0.0
research,0.0003580668162886289
researchers,0.0002742957685047464
researching,0.0
residential,0.0
residents,0.0
resolution,0.0
resolve,0.000598500684874458
resolved,0.0
resolves,0.0
resolving,0.0
resource,0.00014947007153748822
resourceful,0.0001937586411218645
resources,0.0005060515011108825
respect,0.0006881814679510059
respected,0.0
respectful,0.0
respectfully,0.0
respective,0.0
respects,0.0
respecté,0.0
respond,0.00044897208144860904
responding,0.0
response,0.0
responses,0.00024047086423160458
responsibilities,0.0010489357328860556
responsibility,0.0005823978240495495
responsible,0.00036346695570444273
ressources,0.00043728185866912574
rest,0.0
restrictions,0.0
result,0.0
resulting,0.00010399388970817541
results,4.781195197475724e-05
resume,0.0004200403565748326
resumes,0.00019101025146762464
retail,0.0004036339304460372
retailers,0.0
retain,0.00028367901467703195
retaining,0.0
retention,0.0
retirement,0.0011836854783160997
retrieval,0.0
return,0.0
returns,0.0
reusable,0.0
revenue,7.243487506645402e-05
review,0.00047510141363930474
reviewing,0.0
reviews,0.0
reward,0.0
rewarding,0.0
rewards,0.0
rfp,0.0
rich,0.0
richmond,0.0
right,0.00010365157854697605
rights,0.0
rigorous,0.0
risk,0.0016663294315037158
risks,0.0003011534805793184
roadmap,0.0007915432501267236
robust,0.000961901010799652
rogers,0.0
role,1.82045320934199e-06
roles,0.0
roll,0.0
rolling,0.0
rooms,0.0
root,0.0
routine,0.0
rrsp,0.0
rule,0.0
rules,0.0006611735718069538
run,0.0
running,0.0
répondre,0.0
réseautage,0.0
résultats,0.0
saas,0.0002985559367490163
safe,0.00014701254327204055
safeguarding,0.00012964757709251105
safety,0.0
sagemaker,0.0005567470367289208
salaries,0.0
salary,0.0001310229437276866
sale,0.0
sales,0.0002619023100950811
salesforce,0.0
sample,0.0
sampling,0.0
sap,0.0
sas,0.0
satisfaction,0.0
satisfactory,0.00015460425760855
satisfied,0.0
satisfy,0.0
savings,0.00011127495462794918
savoir,0.0
savvy,5.038618401589142e-05
say,0.0
scala,0.0
scalable,0.0
scale,0.000546187363834423
scenario,0.0
scenarios,0.0003820951342144428
schedule,0.0005398057799721022
scheduling,0.0
school,0.0
sciences,0.0
scientific,0.0
scientists,0.013975219657280422
scikit,0.0004262088468181747
scope,0.0
scoping,0.0
score,0.0
scorecards,0.0
scotiabank,0.0001022034692920769
scotiabankers,0.00038792734703212156
scratch,0.0
screen,0.0
script,0.0
scripting,0.00042289138614282166
scripts,0.00016089475936652042
scrum,0.0
sdlc,0.0
seamless,0.0
search,0.00013634800012508994
searching,0.000139777300948439
seasonal,0.0
secondary,0.0006978675358663739
secteur,0.0
section,0.0
sector,0.000996148001287161
sectors,0.0
secure,0.0
securities,0.0
security,0.0
seeing,0.0
seek,0.0
seeking,0.00022802641281359756
seeks,0.0
seen,0.0
segment,0.0
segmentation,0.00031438747858704007
segments,0.00037508914608274947
select,0.00014185163033847263
selected,0.0
selection,0.00042665664345624464
self,0.00014066331139501876
sell,0.0
selling,0.0
sem,0.00013922854358706303
semi,0.0008665558082304428
send,0.0007354151593532853
senior,0.00046866409786630147
sense,0.0
sensitive,0.0
seo,0.00038645780023790653
series,0.0015451443521294222
serve,0.0002941557545017043
server,0.0
servers,0.0001060752903484181
serves,0.0
service,9.713929239818193e-05
services,0.00010914871512435695
serving,0.0
session,0.0
sessions,0.0
set,0.00010865231259968102
sets,0.0005912052997950461
setting,0.0
setup,0.0
sex,0.00036362277984407747
sexual,8.742511968318422e-05
shape,0.0005059539588497009
share,0.0
shared,0.0005804761766751681
shareholders,0.0
sharepoint,0.0007064703429839728
sharing,0.00010321044374719856
sharp,0.0007229286300246086
sheets,0.0
shell,7.665260196905769e-05
shift,0.0
shiftexperience,0.0011952264016039432
shiftmonday,0.00032318771651347806
ship,0.0
shipping,0.0
shopper,0.0
short,0.0
shortlisted,0.0
showcase,0.0
showing,0.0
si,0.0
sick,0.0
sign,0.0
signal,0.0
significant,0.0006304927117005139
similar,0.0
simple,0.0
simplify,0.0
simply,0.000831816107879562
simulation,0.0
simultaneously,0.0
single,0.0
site,0.0
sits,0.0
situations,0.0
size,0.0
skill,0.0
skilled,0.0
skillsability,0.0
skillset,0.0
sla,0.0
sleeves,0.0
small,0.0
smart,0.0004148704720432304
smarter,0.0
sme,0.0
snacks,0.0
snowflake,0.0
social,0.0004351339039513683
society,0.0002694721324572327
software,0.00041258716012361506
solid,0.0
solution,0.0003044167844705721
solutions,0.0009464717134606823
solve,0.0009972784619406256
solvers,0.0
solving,0.0010270839142722836
soon,9.479359925788493e-05
sop,0.0
sophisticated,6.945624468988956e-05
sops,0.0
sort,0.0
sound,0.00010992828328103991
sounds,0.00013414205344585093
source,0.00011869328493647907
sources,0.0004759315720653291
sourcing,0.0002082851683219703
soutien,7.358463498814379e-05
space,0.0
spaces,0.0
spark,0.012734010627224727
sparkml,0.0022936832381667497
speak,0.00022799940236067532
speaking,0.0
special,0.0002449014727732273
specialist,0.0
specialists,0.0
specialization,9.771402958314655e-05
specialized,0.0002270796956347617
specialty,0.0
specific,0.0
specifically,0.0
specification,0.0
specifications,0.0007996440434159091
specified,0.00011938140716726541
speed,0.0004956902072339631
spend,0.0
spending,0.0
spirit,0.0
sports,9.174311926605505e-05
spotfire,0.0002506333009366795
spreadsheet,0.0
spreadsheets,0.0
spss,0.00025699970527556755
sql,0.0013645392061052278
sr,0.0
ssis,3.2307517064928194e-05
ssrs,0.0
st,0.0
stability,0.0
stable,0.000288798818264697
stack,0.0
staff,0.0
staffing,0.00012964757709251108
stage,0.0002175185589229173
stages,0.0
stakeholder,0.00010150866083069474
stakeholders,0.0004251941989781319
stand,0.0
standard,0.0
standardized,0.0
standards,0.0
standing,0.0
start,0.000628732629332254
starter,0.0
starting,0.00012113272829692868
starts,0.0
startup,0.0010344398186235163
state,0.0
statement,0.00016042450148590212
statements,3.600271286496912e-05
states,0.0
statistical,0.007983427802676534
statistics,0.017020244457234237
status,0.0009772303347997632
stay,0.0
stem,0.0001029332408263953
step,0.0
steps,0.0
stock,0.0
stop,0.0
storage,0.0
store,0.0
stored,0.00011269644334160462
stores,0.0
stories,0.0003488138305192278
story,0.0
storytelling,0.0
strategic,0.0002173502449763673
strategically,0.0
strategies,0.0
strategy,0.0004822488177703751
stream,0.0
streamline,0.00015013774104683197
street,0.00013647113378159067
strength,0.00013269015471357084
strengthen,0.0
strengths,9.771402958314658e-05
strict,0.0
strive,0.00013505880780066042
strives,0.0
stronger,0.0
strongest,0.0
strongly,3.6864177489177847e-06
structure,0.00010097171808832422
structured,0.0012670389641016638
structures,0.0
student,0.0
students,0.0002950121358434769
studies,0.0
studio,0.00012171930751949255
studios,0.0
study,0.0
sub,0.0
subject,0.0
submissions,0.0
submit,0.0
subsidiaries,0.0
subsidiary,0.0
succeed,0.00023744971821384523
succeeding,0.0
success,0.0001382648115934947
successful,0.0
successfully,0.0
sufficient,0.0
suggest,0.0
suitable,0.0
suitably,0.0
suite,0.000262742168434683
suited,0.0
summaries,0.0
summarize,7.285446929863648e-05
summarizes,0.0
summary,0.0
summer,0.0
sun,0.0
superb,0.0
superior,0.0001833055412648765
supervise,0.0
supervised,0.00012676103136629452
supervision,0.0
supervisor,0.0
supplement,0.0
supplier,0.0
suppliers,0.0
supply,0.0
support,0.002592312741653119
supported,0.0005024296418487535
supporting,0.0007101004100350026
supportive,0.0013530083834710051
supports,7.665260196905767e-05
sure,0.00037974107290962946
surveillance,0.0
survey,0.00027433562809978535
sustainable,0.0
sustainment,0.00013000227015427506
synthesize,0.0
systematic,0.0
systems,0.002108358067195751
sélection,0.0
table,0.0
tableau,0.00043458845029293604
tables,0.0
tackle,0.0
tact,0.0
tactical,0.00035070535565901633
tactically,0.0
tactics,0.0005483196170938016
tailored,0.0
taken,0.0
takes,0.00030045520569786335
taking,0.0004485838406036419
talent,0.0
talented,0.0
talents,0.0
talk,0.0
tangible,0.000130279311656458
tant,0.0
tap,0.0
target,0.0
targeted,0.0
targeting,0.0
targets,0.0
task,0.0
tasking,0.000262956857384102
tasks,0.0002547503540017151
tea,0.0
team,0.0014803540470000433
teammates,0.0
teams,0.0012529994747593816
teamwork,0.0001230978367426965
tech,0.0
technical,0.0008711127760778648
techniques,0.0065181571870637335
technological,0.0
technologies,0.0011750877670664106
technologists,0.00013720223256132014
technology,0.000911400837832119
telecom,0.0
telecommunications,0.0
telephone,0.0
tell,0.0
telling,0.0012482739935493206
templates,0.0
temporarily,0.0
temporary,0.000309528237672666
tens,0.00034840953753286353
tensorflow,0.00047528839136821765
term,0.0
termination,0.0
terminology,0.0
terms,0.0
territories,0.0003589056222228136
test,0.0009149837979438016
testing,0.00031468302003782595
tests,0.0
text,0.00019354018113790943
thank,0.0005555606234578413
thanks,0.0
theirs,0.0
theories,0.00015250255889131964
thing,0.00027999091255192685
things,0.0
think,0.0
thinker,0.0
thinkers,0.0
thinking,6.676497277676947e-05
thorough,0.0
thought,0.0
thousands,0.0
thrive,0.0002823909211395661
thrives,0.0
ticketing,0.0
tickets,0.00013063717382654237
tied,0.0
tier,0.0
tight,0.00010521235521235523
time,0.0008445855439831322
timelines,0.00019223985890652555
timeliness,0.0
timely,0.0003089132107634267
times,0.0
timesalary,0.0001246961246961247
timing,0.0
tips,0.0
tirons,0.0
title,0.0
today,0.0012475926484567922
tomorrow,0.0
tool,9.891107078039923e-05
tools,0.001812115651615459
toolsets,0.0
topics,0.0
toronto,0.0008864037117565652
total,0.0006678459663197206
touch,0.0
tous,0.0
traceability,0.0
track,0.00029536802625410225
tracking,8.346616658852953e-05
tracks,0.0
trade,0.0
traded,0.0
trading,0.0
traditional,0.0002792603977989504
train,0.0
training,5.464581366926555e-05
transaction,0.0
transactional,0.00040185635545847073
transactions,0.0
transfer,0.0
transfers,0.0
transform,0.0010705165507223018
transformation,0.00023992882945597806
transformational,0.0
transformative,0.0
transforming,0.0008113282902821977
transformons,0.0001137366792168507
transit,0.0
transition,0.0004112815665677134
translate,0.0
translates,0.0
translating,0.0
transparency,0.0
transportation,0.0007013436024932472
travail,0.0
travaillant,0.0
travailler,0.0
travel,0.0001995210067988809
treat,0.0
treatment,0.0
trees,0.0
trend,0.0
trends,0.0012176399088694642
trillion,0.0
trouble,0.0
troubleshoot,0.0
troubleshooting,0.0
true,0.0
truly,0.00011974063609886475
trust,0.0
trusted,0.0
try,0.0
trying,0.0
tsx,0.00013444341658957757
tuition,0.00010017461630364854
tuning,0.000750390063990313
turn,0.0002445007618622435
turning,0.0
twitter,0.0
type,0.0
types,0.0010086771864223482
typically,0.0
uat,0.0
ultimate,0.0
ultimately,0.0
unbiased,0.0001385621245600222
uncover,0.00014606016112641518
undergraduate,0.0
understand,0.0007505675246984912
understandable,0.00022531705645054974
understands,0.0
understood,0.0
undertake,0.0
undertaken,0.0
underwriting,0.0
unified,0.0
union,0.0
unique,0.0
unit,0.0
unite,0.0001798952877666267
united,0.0
units,0.0
university,0.0
unix,0.0
unleash,0.0002751591627969583
unlimited,0.0
unlock,0.0
unnoticed,0.0
unsecured,0.0
unsolicited,0.0005869302815289039
unstructured,0.0018308154674498266
update,0.0
updated,0.0
updates,0.0
updating,0.0
upholding,0.0
ups,0.0
urgency,0.0
usability,0.0003093585209824547
usage,0.0
use,0.0011855909487562808
used,0.0010080971348387308
useful,0.0
user,0.00028662625674436394
users,0.0
uses,0.00017888324339937242
using,0.0012444274120383698
utilities,0.00014930143365902656
utility,0.0
utilization,0.0
utilize,0.0
utilizing,0.0
vacation,0.0
valid,0.0008278387456048013
validate,0.00018886284098871325
validating,0.0
validation,0.00031497742067056265
valorisé,0.0
valuable,0.0002779079692466805
value,0.0014385308208615312
valued,0.0
values,0.00014469666799415894
vancouver,0.0
variable,0.0
variance,0.0004976947766241461
varied,0.0
variety,0.0010699633053499998
various,0.0
vary,0.0002504275832618546
varying,0.0
vast,0.0007146680225867747
vba,0.0
ve,0.0005258144551427833
vendor,0.0
vendors,0.0
verbal,0.0001387397877385858
verbally,0.0
verification,0.0001029175715229912
verify,0.0
versed,0.0
veteran,0.0007253395480270449
veterans,0.00013954264546537664
veuillez,0.0
vibrant,0.0
video,0.0
vie,0.0
vies,0.0
view,0.0
views,0.0
virtual,0.0
virtually,0.0
visibility,0.0
visible,0.0002978227230678666
visio,0.0
vision,0.00028876639577768247
visionaries,0.00013028259199180403
visionary,0.0
visit,0.0
visitez,0.0
visual,0.0001431197478991596
visualization,0.0006114757593342343
visualizations,0.00012878528303224363
visualize,0.00014688111674529357
visualizing,0.0017918585867314136
vmware,0.0
voice,0.0
volume,0.0
volumes,0.0
volunteer,0.0006303919875648403
vs,0.0
vue,0.0
waiting,0.0
wake,0.0
want,0.00032711026397359144
wants,0.0
warehouse,0.00026295836779707745
warehouses,0.0
warehousing,0.0
waste,0.0
water,0.0
waterfall,0.0
way,0.000729846714299094
ways,0.0004456975477544597
wealth,0.0001719092263208622
wear,0.0
web,0.0
website,0.00025386099926279687
week,0.0
weekends,0.0
weekly,0.0002527930245386549
weeks,0.0
welcome,0.001720622736999671
welcomes,0.0010924010903590137
wellington,0.0
wellness,0.0
west,0.00045112558655789283
whitehall,0.0
wholesale,0.0
wide,0.00046339133225938077
wider,0.0
willing,0.0006918214353891951
willingness,0.0
win,0.0
windows,0.0001366017495049753
winning,7.367962506759595e-05
wireless,0.0002003492326072971
wish,0.0
women,0.0
word,0.0
words,0.0
worked,0.0
workflow,0.00033483613056693533
workflows,0.00012212885154061628
workforce,0.00014372362869198316
working,0.0005293548922891907
workload,0.0
workplace,0.00032994145809358237
workplaces,0.0
works,0.0006423418741411092
workshop,0.0
workstream,0.0
world,0.0007913941384373389
worldwide,0.0
wrangling,0.0
write,0.0
writing,0.0
written,0.0006858125474637597
www,0.0006681376596472854
xgboost,0.00029184314475179016
xml,0.0
year,0.00046421424185593926
yearbenefits,0.0
yes,0.0
yescovid,0.0009752489535910524
yonge,0.0
york,0.0
young,0.0
zoom,0.0
échelle,0.0
économique,0.00030650712552060674
élargir,0.0
équipe,0.0003365300060304856
équitable,0.0
étapes,0.0
être,0.0
